Time[s],0,1200.1,2400.2,3600.4,4800.5,6000.6,7200.8,8400.9,9601,10801.2,12001.3,13201.5,14401.6,15601.7,16801.9,18002,19202.1,20402.3,21602.4,22802.5,24002.7,25202.8,26402.9,27603.1,28803.2,30003.3,31203.5,32403.6,33603.7,34803.9,36004,37204.1,38404.3,39604.4,40804.6,42004.7,43204.8,44405,45605.1,46805.2,48005.4,49205.5,50405.6,51605.8,52805.9,54006,55206.2,56406.3,57606.4,58806.6,60006.7,61206.8,62407,63607.1,64807.2,66007.4,67207.5,68407.6,69607.8,70807.9,72008,73208.2,74408.3,75608.5,76808.6,78008.7,79208.9,80409,81609.1,82809.3,84009.4,85209.5,86409.7,87609.8,88809.9,90010.1,91210.2,92410.3,93610.5,94810.6,96010.7,97210.9,98411,99611.1,100811.3,102011.4,103211.5,104411.7,105611.8,106811.9,108012.1
200uM,328.112727664059,338.851938484532,354.759667494409,375.802454336401,395.42661314631,437.234408908961,479.33010551324,522.813148115802,587.079171122016,642.933023041517,719.093374963459,790.574867600493,859.547278151219,896.587911372217,959.49238934252,1003.85608159596,1036.07347984099,1098.15508111279,1152.19576880138,1204.98239522655,1255.23138310425,1299.21606592949,1365.58413510349,1423.43929981331,1455.62666336215,1544.07864064859,1572.9484251072,1638.47603961009,1688.40157964604,1736.46576299735,1801.16091982936,1850.7718360025,1910.43985713229,1947.98451912614,2015.34676521213,2066.92010166681,2118.80648389409,2168.47955746932,2217.53218884778,2271.35687676498,2304.91063820057,2360.05806428788,2399.99006938078,2448.75304340949,2496.73580243307,2553.43999926989,2625.25608523573,2693.52352728801,2737.40616295178,2809.184129245,2859.79446770452,2913.00310905135,2969.70588245574,3020.25241050687,3059.70946299434,3114.11716297297,3182.25160722735,3253.24923555863,3329.62167288293,3395.32927745668,3471.43833852696,3528.08573461691,3586.99113513368,3638.77437032904,3696.23943343905,3757.00372804904,3804.86511610372,3855.88059826807,3908.01052907564,3940.78261798497,3992.26526845315,4041.22976499669,4100.17639379484,4159.55106361645,4190.75980409924,4264.53159184994,4305.44215041543,4359.04117819855,4398.99931883647,4439.56923180266,4499.33195046808,4547.61546815693,4577.54880647137,4623.50624347688,4654.65562374852,4759.60027708375,4827.60757169529,4874.23237588803,4903.24900228911,4791.67927057603,5050.97754377198
200uM,338.412720720319,351.527826029104,370.508880249598,390.180593947513,403.362457601715,447.195545529224,491.535985286444,538.905958475771,600.850269662497,647.73311436835,719.060851948037,782.025836558804,841.894114014028,881.815842503403,938.500488820486,983.844110844503,1013.85566646537,1075.27398978686,1121.48941637918,1177.63099917914,1232.24353317802,1266.0769453267,1336.67266339606,1395.29767036915,1422.27501885102,1506.09664423893,1547.55653535761,1602.27118240524,1662.05832421226,1709.8530948539,1775.9023422434,1830.22330819946,1858.90735282395,1907.66016758738,1969.87880326927,2021.33224049826,2076.37275116617,2124.4394309824,2163.19758839317,2208.26938638832,2246.77085886489,2287.40142270645,2330.80257645042,2376.81695925595,2435.3984658159,2486.78115245447,2550.0368004498,2599.75335205612,2656.18220056415,2711.41763219579,2759.32242663618,2804.90189275995,2855.27344981384,2893.97750510835,2964.42253115804,3043.4360580255,3117.46713117896,3183.6499139338,3239.2469971701,3288.76250158826,3340.44330098291,3387.8177672048,3433.39779961406,3474.78844870148,3517.69076193327,3578.44270756433,3626.25750693682,3671.58436022539,3725.29753702971,3764.73468407695,3730.83654604172,3819.70420252685,3930.42513489675,3993.28257160906,4069.53745970883,4113.75148361682,4185.28771344111,4241.895519053,4321.51623216403,4416.31240108118,4468.15999544496,4532.80375001892,4635.28679940277,4677.81997042838,4789.14438599219,4863.35246673857,4956.54974254868,5068.35555323181,5164.03217251461,5474.43154344965,5302.04645582457
200uM,336.33195405644,342.511077379139,356.428022649436,369.178478857382,381.091427967045,417.605395524713,464.811289530839,505.128923887476,564.547974425616,609.824365254561,670.780695420524,739.427120209839,793.129209785354,825.449904283364,873.19982050011,913.689613576601,937.651093717361,998.076148446787,1039.36433414161,1083.17043248088,1128.56574403897,1162.5080473836,1225.12481309618,1281.19849225198,1313.95778508097,1394.13465646884,1430.40606328092,1487.25678885121,1541.2053553883,1605.36217178161,1657.28173621813,1716.72143192998,1777.76595022615,1826.60508626586,1888.4912801258,1936.48222466347,1987.5831951115,2038.96949873981,2095.11161091735,2149.20093627345,2198.46312356322,2255.00092996659,2299.04901942008,2334.9056215207,2390.15942757376,2443.07653753098,2496.93110227038,2549.32721638093,2597.20432449235,2641.18736835087,2685.8141793678,2714.83484988876,2764.25219902686,2807.63360533626,2851.36490938048,2915.5480893186,2976.67066447049,3017.59432075402,3069.44373914121,3121.98036042215,3175.19137676949,3231.25019054958,3275.16831208369,3340.17345335911,3393.69993417426,3479.32832090098,3513.6891622643,3625.73087598249,3689.29571027752,3765.91332915778,3949.65033543356,3969.66385791942,3987.87072237022,4027.99677282271,4104.44812633688,4167.16084037465,4229.25277804778,4283.49847290466,4326.15511863682,4367.66319853038,4451.08873711713,4474.33741291166,4533.38837102813,4633.34567187265,4693.42957049105,4769.00296330066,4843.09202765726,4895.12161871495,4933.60380003757,5017.21087811917,5033.23440568871
200uM,315.075386563746,330.768060424031,346.637894062701,372.748612313815,386.405451705658,429.849262314462,468.14814125832,503.195650356558,564.887713599119,621.045171979351,690.216169938146,753.466545257284,810.784103467553,854.230567424923,916.002346184138,957.693226573507,981.975733444001,1045.11798067266,1109.19699837948,1159.5460833329,1206.19636640346,1243.06566611919,1314.39676559992,1367.94962755765,1400.43827854476,1478.89308615087,1510.87577344361,1566.47370781695,1616.48094554384,1668.75434307483,1713.30127641501,1770.83619380108,1818.56887993801,1861.55088207601,1898.15121264796,1954.85764350662,1983.69422627639,2029.526996342,2071.43324740475,2114.69768774337,2152.00272375469,2194.30167258877,2230.82825457668,2279.19383789582,2306.9370324894,2347.74295952676,2390.70956026481,2424.68132032749,2470.04186361345,2511.61796322968,2556.48664147097,2575.40102510442,2641.93895608621,2719.30597521878,2780.6900914595,2855.9133369177,2913.13205152522,2958.69041802891,3012.2839013942,3073.34426861714,3111.72091609421,3151.5448430598,3203.90704289743,3258.09214927315,3306.10690744085,3353.94100384619,3388.9482931538,3446.87199171231,3484.38850289766,3521.93226312097,3587.56914451786,3626.7500793367,3668.83738511044,3749.87175482034,3774.07405039455,3817.01930556604,3862.17019557813,3903.64787466829,3960.37808581129,3982.92580671724,4062.0346739516,4093.47200641005,4156.17249411389,4197.41198655558,4209.37755509139,4187.7714323704,4267.11278932182,4263.01391896371,4267.70941243765,4163.6587460896,4502.94079993851
100uM,482.083030713565,481.290768813191,476.115017091415,474.487312686279,482.795258248302,519.314155811803,560.139473904035,602.4149192073,671.047655753894,727.726408247034,794.471205341852,864.028173703593,926.063806677158,955.971300933112,1015.33939056203,1059.48058634289,1090.32158502836,1149.98508174166,1194.84850384058,1241.89730669882,1288.03609370038,1324.70246682718,1384.15625322148,1437.56791631098,1474.13433987884,1556.96365827122,1590.16624671484,1645.30243383113,1694.15916262497,1757.14724943403,1796.98796820837,1860.66487099643,1916.36488256718,1969.60939013278,2026.87800480833,2085.59427928166,2145.72850888521,2205.22098549857,2253.82219474149,2311.95446342913,2363.01220607958,2417.06885596067,2442.84300126971,2482.53759628794,2528.72934339789,2583.44146675252,2649.60534786055,2683.88591285715,2724.41490071964,2780.027751215,2819.52588058196,2858.06893163835,2921.53605114292,2964.76567169484,3029.78899791349,3088.37519320113,3157.35272971279,3224.70601802879,3270.99125152869,3337.41136176343,3375.71083956425,3440.90439497203,3478.10286272513,3534.24674020319,3583.55208757283,3647.26547742581,3706.11992813389,3762.96792188795,3824.10678242065,3883.60703032864,3900.35131129386,3937.12420991274,4006.48622025789,4085.77103610012,4097.23404165576,4159.49494239694,4203.23510882679,4255.47004063787,4292.56266667053,4249.3493778245,4273.90400552756,4311.41749924224,4306.42158246548,4306.7233822174,4311.68600036453,4275.45343744437,4254.1909163066,4178.81067232311,4132.78983020968,3998.89580990675,3894.58746462524
100uM,493.461715141204,489.354295746843,487.175343761659,486.170045108167,493.870396330172,530.911261472157,575.278593394073,619.103664066628,692.513725503244,752.461307394966,824.750485866777,891.983545016733,954.812608478577,986.370877548818,1044.04655530842,1091.61155249651,1125.5341374876,1190.84434994705,1236.33805670242,1285.56040767679,1331.94300057552,1373.17300755062,1441.319962919,1497.58608156609,1528.09941718034,1616.41213027458,1655.05641905968,1711.46699937989,1775.58997931245,1833.6993958374,1888.92166735837,1942.98444509671,2009.21322542001,2061.33282716728,2129.2634317023,2188.70269691595,2244.47627919406,2300.61574592217,2356.79727536337,2419.76697642513,2471.82524714355,2512.32298516215,2543.55107658767,2595.96097056778,2644.91090929758,2696.25182460153,2737.83839866027,2787.34870401273,2831.56990010412,2894.88584154397,2930.04268545683,2954.2392091072,3021.56112043875,3081.76522308917,3144.56026276814,3209.83904083435,3269.60358303528,3333.81957375565,3515.22182363203,3603.86186466136,3630.75994267293,3522.34894344171,3593.02989795735,3624.46210013184,3658.75330743712,3718.17709325986,3777.01900711265,3844.02542642263,3871.67105516121,3947.41010422606,3997.83019081968,4051.61501373745,4140.75632086655,4135.09130435863,4174.01331849565,4207.44733152112,4231.37983644814,4258.42590378207,4243.42317105808,4183.74016556904,4111.66577013864,4037.86518155763,3961.13034415181,3930.84777133279,3881.63082552932,3859.83360626973,3828.37054501387,3826.29225368047,3762.63288919872,3643.66462989342,3594.95351565687
100uM,493.226348019843,494.563870002836,496.834627180871,501.570526470657,516.956532814782,563.801505672547,616.840270791461,662.304617211016,749.296814309247,821.617253412057,911.609888300077,997.740962335334,1086.91696724542,1152.17952453693,1229.02757520505,1296.31377797101,1348.44662575279,1432.43980775831,1516.32382661115,1594.64759669718,1661.36213296322,1698.30500629038,1777.52506916515,1859.85092712856,1897.86613158539,1996.86617124784,2041.52706511017,2126.24635705568,2185.66386884058,2254.49431865334,2315.50382582277,2382.70056845842,2441.13489975149,2491.09260242317,2557.45390516158,2615.15103960007,2668.32110847091,2724.33574467347,2777.71830428893,2846.44247551747,2885.49905205038,2923.99159626424,2983.47659298076,3025.76063607432,3067.61468014106,3112.08721542259,3158.20865159055,3202.08608281626,3237.52530247267,3311.10804614902,3392.99756145879,3480.57713179591,3570.72239211458,3648.09797145005,3708.36183729701,3787.35175870189,3852.54475336111,3925.31634907829,3982.56426670649,4055.04916160781,4091.86451019458,4184.00226293564,4252.33367114854,4287.26880699873,4333.33831775701,4390.96696988479,4435.32514893724,4457.70356417068,4463.97830555097,4397.4017360045,4502.32062243232,4680.84746288823,4862.8653122741,4928.78090284778,4735.44184357217,4603.95665549373,4292.18994907607,3859.60806297295,3591.70387122389,3442.55175534409,3345.81982855704,3271.43773207911,3276.99693192447,3269.14571955114,3285.1883535647,3292.07986261228,3261.92747521418,3244.03972215673,3237.27690249258,3209.17678272307,3188.27010890814
100uM,506.683499301304,502.752290553852,511.388778251268,511.610445946957,509.578021480063,540.626320364544,581.50736389415,621.398344347775,685.400678841638,745.654972332951,826.85008279979,885.500459467695,941.357095145304,977.323957916187,1037.9832012069,1074.94763913783,1101.13158817862,1148.13586688376,1196.06570346003,1252.65971105324,1305.5652217064,1345.62791955927,1415.54414642839,1478.64806192073,1507.14170970836,1595.99569388578,1632.59975469115,1696.38776719178,1743.65162032268,1790.51026966915,1840.00474466285,1882.17162521777,1932.31346180387,1967.65810693211,2020.45812355638,2061.27409815499,2102.51768132856,2129.0580120599,2166.69749172084,2211.24223147381,2250.90357659092,2295.21090245404,2345.64712440028,2407.94466595616,2457.24689970709,2515.4804231198,2558.5035310353,2594.27234794096,2629.99601179269,2708.34490475744,2768.85750365717,2836.68940836439,2917.92681511591,2956.82044929897,3021.07375872023,3061.03567765511,3130.57533952085,3165.12604908574,3203.91642529652,3262.56011835947,3307.12898079876,3378.14806035175,3418.00706133638,3483.66172031229,3529.52143063327,3608.40970616894,3672.15101757227,3758.94452601239,3811.28784449119,3886.66079953389,3959.70310618321,4013.79150938498,4110.03850974188,4182.75508407986,4244.4102932551,4334.15581520141,4349.72719215458,4460.37041004095,4528.49202037837,4584.31935391059,4648.36297815311,4576.01933783787,4635.75456462362,4714.08317577425,4754.95654700411,4755.60599749304,4943.42824896503,4866.64039491725,4445.50884995026,4247.31079970124,3879.62106414006
100uM,466.344541477163,464.413698080957,469.800832560434,478.081664080939,478.760368317451,515.602366063447,540.959420340361,578.117563919545,634.941146344878,690.334464906764,762.761701190039,826.028053968418,878.244645777651,918.281058146571,978.957299469665,1029.97246160897,1053.86833619114,1108.72892963672,1157.18483131647,1218.10895498695,1259.80017543768,1301.76235899166,1381.30792840961,1427.55374171035,1461.44258970839,1542.78033696392,1568.30046388628,1612.78902183771,1664.8641931306,1706.62816667325,1759.90828827903,1808.70513961036,1851.66838723622,1889.20513415993,1939.14050072923,1973.18003630497,2017.94556790895,2057.543692623,2082.09197799248,2133.03657767851,2171.36557007016,2203.16184657323,2238.298122424,2276.2038607406,2317.45023426106,2348.45075609238,2382.3678404347,2413.07011456802,2444.60860544417,2509.09805722394,2573.63933298456,2652.14610570322,2712.3264510533,2766.85483494299,2827.60574266206,2888.62417304174,2942.3889753665,2995.83853898423,3050.7061699638,3105.42608262587,3139.86130076969,3206.06987886794,3258.92722823367,3318.25148282115,3375.21108502434,3438.06371777607,3516.02409518735,3569.72626019045,3642.59360973414,3725.05408181862,3777.11909868672,3838.00554962346,3924.11808228273,4033.15000595189,4082.11168107504,4197.66372471892,4253.67691909465,4310.21095729354,4414.5652965574,4492.53974706517,4595.60335815719,4680.81617331443,4663.15020932893,4730.94949703654,4830.00246824938,4855.04584074638,4790.50653963911,4745.08429179068,4818.12232460387,4791.20511396477,4679.24595246505
10uM,823.134740886563,756.137456257157,703.921818620602,658.948164644994,621.87533245834,642.544440224751,665.054015057524,691.430578846751,755.415715326844,807.696012117177,878.442177112811,958.565518495158,1050.82072022821,1101.8460425696,1172.5352748933,1214.41271923576,1244.94635986622,1321.22579900175,1378.96790103888,1438.9759011905,1492.29042765661,1531.90952579629,1606.0643413595,1669.28839848461,1703.05074750618,1795.19621786068,1823.07020005528,1887.42812472257,1943.66144610514,1987.47341116503,2035.73763532587,2087.21200084043,2139.85791672103,2178.73793750571,2236.77863346179,2271.60272177548,2330.61283767669,2394.0719959314,2445.00500646449,2511.73356410787,2582.93231356514,2665.14366582988,2723.56991169578,2814.23477921466,2881.11469839504,2944.91865963273,3015.82141862342,3103.80863570564,3179.65963329803,3282.31685496791,3358.18940995903,3447.89300218166,3539.4970349863,3618.16886016376,3688.85233689103,3756.56024276292,3842.80557313034,3902.02986624446,3957.69079038293,4015.88933456612,4072.02949657825,4113.18827381549,4183.69153925412,4229.70704827017,4288.19765815405,4334.58845135199,4392.49309934913,4400.98013143568,4422.06749022233,4470.537203785,4507.35795071371,4546.18961578945,4597.56211584811,4621.65951177337,4655.52571638701,4684.20140841146,4727.50386239875,4742.60939224643,4767.19449659407,4805.21284336782,4854.51007976257,4910.70300914176,4918.14036440508,4993.82952750839,5001.40222015325,5058.30556860437,5116.23642061703,5177.28297020708,5207.05923615761,5262.20461999117,5325.81196890068
10uM,798.927622622376,725.122964336077,685.179154608678,634.863589287089,601.644357043652,619.457801348064,630.007151470231,665.844988797937,717.971865902707,773.563146980509,842.251860546562,909.545405568819,992.839765152371,1031.19907667549,1088.52358557931,1138.23172106104,1168.35330949091,1239.19884549417,1281.23652587616,1336.13546437853,1382.83189470255,1422.42978783618,1490.31380460117,1534.82061756881,1571.00876704077,1651.68780926646,1673.00177681879,1728.06212170245,1777.87454717369,1825.19106876507,1875.9337974141,1922.5770795017,1980.75616894086,2003.24255686525,2058.36416783598,2100.7063993887,2151.61013562587,2197.3205252335,2267.87664961002,2307.02864508664,2361.42150561153,2416.66910725922,2491.99289806764,2549.2647153791,2620.52826825297,2682.61845783404,2762.06675086318,2849.42916919672,2924.03819889201,2991.96510194189,3072.91669588198,3153.34327979447,3253.4690463655,3317.58977513455,3379.80503416746,3442.24006742857,3504.92957626515,3554.49370524135,3603.32434484525,3668.6889010925,3706.30742079905,3745.62895918986,3781.55373937031,3821.02795084425,3860.64033008027,3900.1183403341,3917.74427675794,3938.55628697401,3939.11684835375,3949.87401288034,3985.76362821136,4014.65208817496,4041.79713667883,4093.27303380235,4103.75649441286,4159.29423927207,4188.20792315568,4223.84053703594,4264.14627100353,4301.85675959318,4346.86933928015,4369.28371188264,4435.61268643915,4470.1917220117,4527.22764222108,4570.4874094346,4606.08070218737,4658.14289910068,4684.01028428698,4731.96933618626,4769.58218900945
10uM,842.177105082592,765.888123657269,718.694714733442,666.173506252981,635.812995122714,657.860305202708,668.660646721908,707.115365924943,771.073009404161,825.619565415439,899.037403755454,969.406705118781,1050.65969474057,1092.54475844588,1159.80549992822,1220.22230032443,1247.63589996196,1324.36125356559,1365.21214873789,1420.14852002735,1472.8936570617,1504.15567125685,1576.12414251777,1630.0548707526,1663.72892032968,1748.93199569309,1768.88141340915,1824.97165689632,1880.34180905177,1928.74942822413,1986.56579151717,2034.37121885657,2092.77101832775,2148.41782863436,2226.12016297923,2287.99538586342,2341.48415332639,2388.28107101768,2470.01837364358,2543.06609873703,2595.53241180904,2681.05399973064,2754.87482988678,2824.97913042224,2876.7142534897,2968.68326682311,2948.74240157473,3036.04352759676,3118.25580301932,3204.99734805234,3257.49249720139,3350.1800789031,3445.75276220931,3510.49413091609,3585.18308380526,3660.56262358551,3720.76714715733,3782.1466359057,3833.82160831746,3887.08741326585,3909.16847565271,3942.47397404327,3977.45605161439,4007.97113817636,4023.34442413578,4057.69891271136,4061.26217289908,4077.22735421234,4081.84639365537,4097.14118102201,4116.84230827069,4157.68035608179,4195.15619803848,4241.71808423485,4282.63007527187,4340.77152473775,4370.7311966863,4401.88242716425,4441.44062701904,4489.68625216594,4539.28317795387,4570.68611427009,4610.0112313111,4643.05557864287,4678.7075609784,4727.10399996692,4769.48219795136,4802.65154323466,4851.60744606046,4879.12805728668,4941.33745298435
10uM,832.672525717867,751.420295989147,712.42230546633,663.103835899988,629.279416974464,644.784662660307,665.35046371228,695.55424857001,759.787494558702,805.339403170087,877.879803511359,951.172194771379,1033.05694527767,1074.35101609527,1140.92799081069,1197.43916668661,1230.05836534516,1292.21878280631,1336.32969588142,1392.24562904157,1428.43412001958,1474.42683165556,1535.13895811949,1588.0906259474,1618.38268303076,1699.15990423367,1714.32070968289,1769.24665272101,1825.38456230215,1864.44134232231,1922.76024010441,1962.83252591717,2014.13769787833,2071.67986480861,2110.35240218436,2147.95241051029,2183.32599796574,2222.75703603573,2286.93558113021,2359.15714509057,2409.23697386368,2481.91289129427,2569.20202846604,2631.68096515436,2713.76179922238,2787.92517364238,2879.03101666475,2968.25283071262,3046.58723465985,3140.40127982332,3201.01351937481,3294.9728065352,3420.96670272251,3508.69266054894,3620.05999096829,3714.00403841292,3818.54550398746,3887.18736297809,3941.60692020518,4006.69410061781,4058.07143776659,4089.93322928404,4121.80064537548,4190.01596770819,4205.64755084231,4260.83169683868,4264.3462546696,4300.05792528471,4324.3763024555,4369.55993833094,4396.31407727116,4439.60141028673,4479.17342773512,4536.63984627335,4573.08771858037,4641.12553464718,4691.31757697701,4741.6157767884,4762.15760241072,4792.99078384016,4885.34070262535,4895.34401914902,4944.14889009981,4985.69430639915,5017.61276418177,5082.71175139115,5120.44452452568,5142.28270817265,5192.37156969955,5245.39191936822,5261.1497153208
10uM,886.666262950681,813.642639352705,765.508996243415,714.076783105036,671.649967888056,682.535530172956,695.978285088707,734.150638489663,793.584929153306,846.568752301514,914.170562755769,990.566084934977,1079.2030633489,1115.16965645393,1178.53791291331,1237.10009614092,1264.41611337071,1333.18203401502,1376.98522638329,1432.57645048538,1473.16101175938,1512.26518326002,1590.34020095835,1640.1412173944,1667.09352211096,1751.64984183952,1777.06401655987,1832.48725005189,1891.4287992989,1947.77603054261,2004.82151213552,2032.97069557988,2090.64087443916,2148.65337312587,2207.42572604104,2242.6871760317,2293.37782977107,2342.13234988175,2404.90517874499,2466.84481235401,2518.15412932451,2590.06834884181,2641.92544236457,2714.76645679113,2776.26492571792,2853.54510694388,2916.1498815053,2996.75170901355,3060.56618959298,3132.56465343247,3209.5240385071,3290.4330547707,3395.33628455966,3468.5091184553,3569.36917947955,3634.98051771465,3719.22322473383,3770.67765227977,3811.38817217273,3852.59913639226,3858.55713668913,3892.64363226227,3926.83907835841,3952.12397908679,3965.1179646884,3991.38459160507,3999.17647919578,4020.44325534298,4029.1114125027,4057.58283816622,4069.70552884967,4110.15076459744,4142.72617995764,4194.00704940539,4202.72500098927,4256.74949037603,4302.84782639727,4334.29956152149,4366.14011112143,4399.54904794406,4425.21654217774,4460.62559904404,4494.51634054887,4539.90282315315,4581.05181948612,4625.62016923771,4679.99781664249,4703.9725477068,4771.56715445083,4798.21579572913,4848.47236184126
5uM,859.084957978751,786.194742365323,720.659896661656,674.601530713103,635.728158833566,653.705622375789,674.997794443188,709.046480444951,775.493349589243,833.250443923335,908.062321364596,977.404837357208,1053.15209022645,1094.17819770244,1160.3417555289,1218.30672861335,1256.23271720886,1332.40882519281,1378.3859957232,1428.22959263566,1468.47561168187,1507.26583544577,1572.84614413402,1633.85931580744,1660.53271782483,1756.17388281622,1774.68068389498,1834.32674238988,1892.9955950373,1945.71682748369,2014.66197231616,2062.12406399956,2092.33816340823,2152.65179837478,2223.14624615244,2254.68862922007,2311.0934714867,2363.48725578844,2430.01178242007,2501.71450697556,2577.47740254864,2660.32769210234,2727.64127594534,2795.16902107426,2853.43513220667,2917.6361977903,3002.30202791819,3063.67162183708,3130.72649422928,3183.64208079621,3250.74943756463,3328.91569919944,3414.44255110372,3489.72692602241,3573.75174270247,3651.12954553649,3717.34809659661,3769.37239756158,3805.66499677101,3866.93172816633,3880.40343038513,3893.79889428246,3903.85112866014,3929.65252860437,3943.54069995637,3962.65899976562,3970.39213826971,4014.87261089673,4026.8979635898,4060.56358945434,4104.3523970107,4132.99454028452,4194.46219176679,4255.34995271404,4290.43883609413,4349.34083262607,4380.19646973219,4410.39896919626,4463.49284131828,4498.80423766938,4541.61090006499,4601.22547264826,4639.76254832653,4698.03825661456,4726.64201020089,4789.49585991764,4844.62718100178,4867.76442195968,4932.98534358124,4981.47209279424,5013.77179350353
5uM,877.549725881412,787.340370137151,736.214169701251,685.231139796193,644.224768502181,655.716150155259,676.569107710723,718.006712854204,785.237313630614,847.550644722022,917.868628107503,997.455655917912,1069.37679358394,1099.93547511666,1172.26298220982,1229.33374301676,1265.77724064416,1340.03937690556,1394.8927212899,1452.37229536645,1495.54659321545,1538.68422972866,1606.2254153522,1657.823747332,1689.88707758841,1785.4946121334,1808.44474514151,1878.88467232107,1933.71789462005,1984.81633584492,2039.16998235826,2103.15191648625,2155.62114900149,2213.90614886744,2278.9454766004,2340.18346556485,2397.72938473102,2465.10146112906,2530.63298798077,2604.74942470226,2688.23694794806,2777.56590415239,2846.88843263533,2911.74442494959,2993.86933619164,3065.92084910155,3143.55924535772,3222.01054637751,3281.69294340155,3358.84718459438,3453.97125084428,3566.94713727962,3671.55776244336,3756.77414640341,3841.67323235811,3929.15966167835,3991.24949060944,4028.64945192591,4074.99292895415,4141.89129777028,4159.18253042323,4228.99531753604,4240.62304004989,4232.60602773751,4228.43794142454,4274.82926653573,4323.69953077652,4370.02693603839,4409.8969360587,4461.05904096369,4498.74536697425,4552.17656697794,4605.5089171974,4659.69352110054,4689.46732169922,4738.83746406587,4805.56244786382,4841.53187155927,4881.76137092567,4905.83890995965,4985.3497313093,5034.32261155934,5071.82571685986,5148.46869750722,5215.94095458269,5241.03695280472,5302.60868930983,5327.41825198614,5397.63442515947,5453.34362410148,5502.91098081366
5uM,919.812845632194,830.486495915085,768.090005787716,721.147486792815,671.673214095426,688.475247443977,716.989281393647,756.077396398679,826.635423315008,890.103199883366,975.900279811071,1059.23986744562,1140.47252614188,1177.12423503186,1251.6901621791,1303.58648086847,1347.81591150469,1433.22132848456,1483.44255990697,1553.08335898853,1609.77424503529,1664.30044856441,1745.82287493646,1820.80766223497,1868.05182347583,1976.34453545861,2007.6674121394,2074.20348586464,2112.69818985063,2177.18028225856,2237.2472081477,2312.12995991828,2383.16971541467,2436.79649047303,2511.57043223928,2578.98867117342,2652.54012288856,2732.33737231284,2820.18368739596,2882.98355385919,2959.85850853267,3051.4836608878,3116.81231717082,3228.166323808,3269.89151511429,3357.77141803712,3441.62366083615,3502.18002460021,3584.47524707613,3694.67357862862,3794.5588058729,3903.66910321984,3974.62900368305,4038.88461974936,4121.92134309965,4159.55255995494,4200.16281883648,4244.37840564368,4248.65818378943,4279.57608660312,4287.87175625716,4289.76521831713,4300.70514681116,4305.5987242,4337.84211369914,4362.22811294253,4408.2280207323,4441.8075005203,4468.41233007592,4501.20879025515,4553.7535293143,4591.82100581562,4638.3877831505,4701.27988061342,4737.33271287107,4797.55826154662,4847.69903982249,4904.90667493036,4945.77331165757,4974.53166003982,5030.53477567788,5091.66504203563,5096.38340342486,5183.01922953001,5262.96181869096,5274.17018767377,5333.5165825635,5374.51747343939,5420.75822441558,5498.68976651103,5576.50229577076
5uM,889.427862743312,808.628424665533,770.919469332438,711.795620345321,662.662225599102,673.313298550593,684.649231429273,709.040864508768,759.260281110435,811.423436949047,881.321484182804,964.604268890946,1039.00584324221,1082.38954861609,1140.7035847028,1189.11455389532,1216.31618652415,1278.07457423673,1327.95155457205,1384.81119697538,1435.3119626279,1470.82352107473,1543.15807790782,1605.79524669576,1631.24660486602,1721.5914878994,1743.84305925207,1801.84367245693,1863.59074388457,1913.84982333085,1972.0112623972,2021.87855263919,2071.34714301877,2116.38072941013,2181.15163635715,2230.90669022466,2296.23629089742,2358.53689101104,2413.10088353313,2486.59810418438,2554.36402813238,2641.17408959234,2703.8452417329,2778.73104427742,2834.11018849471,2915.74060692732,3013.56214839658,3114.99711106673,3216.14177351143,3335.72259119828,3430.7470719505,3537.02512215371,3637.23933435775,3707.48980964874,3770.87802156239,3815.96722561106,3866.00974286957,3898.39472419194,3932.46976705021,3956.25497349915,3966.81010432347,3955.09176837984,3976.14689302189,4017.91009960965,4043.8660414609,4103.8249238765,4149.51532663717,4202.0678335633,4236.58721935671,4286.10246721275,4326.40248135032,4348.79286257696,4418.47411483154,4468.65959804224,4500.43320916287,4552.06999525326,4602.10236833389,4642.49697530635,4669.57645410664,4706.02878768286,4754.70371002526,4802.66339358487,4835.00807371857,4880.57756306598,4918.4653645691,4952.11412212172,5011.10093607939,5024.41092216492,5063.84178344551,5120.30507003732,5187.9609175008
5uM,898.378021161109,816.349981639703,746.643059580217,688.596301931472,651.130383489949,672.346012232916,690.551472925308,725.094413590682,780.973518460108,847.646759339838,950.5422152768,1016.91002959797,1072.98770603894,1142.61850237032,1222.75794646174,1283.75750533381,1307.09412995361,1396.6480883273,1453.25011517229,1526.69160254121,1585.6862102261,1637.26629873263,1714.29083700738,1782.31435123204,1822.82914397866,1920.62738905205,1953.95384728011,2028.57517186862,2094.98815725571,2152.50147071939,2205.73723138041,2277.76158989189,2342.10951676428,2369.19268626627,2430.52812402135,2504.59651701929,2564.81650048083,2631.24843922679,2682.4279152849,2749.4072672892,2846.66942116024,2919.83482178026,3003.69389664423,3096.33454509719,3181.22832319067,3298.12948377885,3385.58529888113,3464.95743982673,3570.65113850139,3680.40709251985,3785.35300229584,3897.50547464625,4031.69729884511,4132.34066215711,4217.31160878932,4314.89610939131,4385.36809801665,4464.78383657618,4497.11014432622,4566.37603962027,4635.18902986057,4678.4366730378,4747.54239002543,4794.09668765827,4846.57805464517,4914.18401286802,4972.6454711685,5012.01171946184,5039.41462582817,5067.15621856375,5100.06881575498,5119.15530643894,5157.70124518533,5199.98241274667,5196.65676527943,5242.05629098821,5280.21726172862,5330.10139499081,5368.55740102624,5235.02594922592,5289.60853414068,5341.97381612092,5404.62540128557,5458.4411039744,5503.84222888256,5578.83814084193,5650.00728524618,5695.50790735451,5749.25049483151,5804.28728241403,5869.25078603633
5uM,854.695287584523,782.94658731468,729.722952342727,692.646342003209,661.64312880217,668.596628724272,677.049344504305,707.070705655691,768.330984893582,824.715854446738,910.919659354782,980.572149835986,1051.67918985896,1084.01519304544,1160.28525479266,1210.65159682341,1240.04890366426,1317.98320683868,1362.94467654985,1429.3860756766,1483.93937577485,1524.15986467021,1611.57749340269,1671.09770446829,1715.58834246907,1797.89242546202,1832.83730591658,1884.42924070741,1950.43431910286,1993.72608163936,2055.22791831908,2095.37921130951,2154.38522544993,2189.29964991277,2235.37977859208,2286.49857254936,2328.37823735821,2386.51429456116,2419.71942929106,2478.14411339844,2542.2691289386,2607.44284152138,2675.93426970876,2717.77066615695,2769.37611577958,2825.87221793815,2872.34214980501,2904.31805521382,2925.89608765965,2965.68784171941,3007.11581984024,3046.66764518567,3101.59897510446,3149.76420635581,3231.47473613482,3227.17657822663,3301.3263190805,3280.92221479582,3325.56906908785,3346.46519778147,3393.12280098436,3454.90855346831,3499.63900573677,3464.80780290421,3492.33386915195,3560.62913796709,3591.79524134074,3631.59048358512,3646.92363802026,3715.49621381417,3773.36211799328,3802.04809679639,3838.1109141591,3921.61349041768,3932.74578808646,4015.10470865761,4050.33059489443,4085.63771666656,4101.68315102492,4125.73391625523,4146.26302992171,4133.58089012798,4122.64437328713,4110.01890659847,4073.71202594858,4045.02852280452,3992.66835199758,3976.92637645164,3907.47932717274,3918.8586090479,3914.36021836241
1uM,847.39335120462,786.040812077736,725.137123816645,664.183713693656,629.827015177863,645.951526595254,663.970397257632,693.762415512763,748.763947803213,804.366951606924,883.794751921835,950.137262571509,1030.66185937487,1077.11750984002,1144.51802120817,1198.62222847861,1218.97592301131,1285.1445186806,1341.0215255462,1393.58331435609,1446.60326908033,1481.65075292309,1550.50490151454,1601.92398988243,1635.98975666319,1725.36048056126,1766.1237474314,1832.22187896609,1896.19603203612,1937.53656477726,1998.64436792511,2059.29724706631,2101.12746610338,2156.60797796522,2183.12625656458,2245.35160595322,2281.10095694434,2343.02026741371,2381.64798653402,2444.16766896399,2508.02726454916,2564.59367781201,2649.77940761076,2704.66489520948,2769.52099363601,2838.15166148442,2935.59767405672,3018.71450956967,3113.10148987949,3210.73593826212,3275.12808952337,3395.78707073866,3511.3290218842,3607.88995937853,3697.86008528078,3819.59327929021,3895.06279936375,3975.63254706934,4068.77694486967,4162.83921273091,4254.61089266514,4307.52948911236,4390.27019125413,4450.13775121627,4525.88014478484,4631.84280044723,4709.67146064462,4780.92567261286,4826.7841663199,4900.02083147055,4945.84773602756,5027.02894816527,5076.87136725095,5172.55301578784,5229.89987313709,5313.51305703655,5324.85206640217,5391.45136203516,5404.57581752349,5412.45351728419,5455.59779081395,5498.58281160657,5481.09189845712,5518.70839541262,5569.56868775158,5602.53857717094,5597.71633933285,5573.73234972232,5570.57335089365,5560.09379968193,5500.80079301236
1uM,899.215502468374,830.113526281494,752.91034528603,682.799582768775,640.828972739377,652.173909507721,672.081155320169,699.678286505758,759.849392965845,815.899610543487,893.143546629817,954.67556026157,1022.3069864167,1065.18640596606,1128.99278827475,1186.27435170478,1204.13549112676,1275.82115401731,1322.41461851518,1370.99022360118,1419.7591056262,1446.15094639419,1520.78711502831,1572.80136057874,1603.52586117376,1675.27144258124,1726.08907868855,1782.36487831774,1841.59608734052,1886.08022506489,1938.6611784058,2019.81223569564,2053.32198876455,2148.64082218259,2176.47354671583,2229.18158160202,2241.18698248866,2301.54574718969,2328.5846680933,2374.71985134459,2424.41482194324,2480.3822838929,2541.4078781211,2638.99119066937,2669.54334391704,2804.83871444725,2886.10265363311,2934.8988521263,3027.61795416797,3127.5049371534,3164.15036867995,3236.19224289513,3298.15538283152,3350.12917238021,3397.69901440448,3447.50730809736,3514.14932858519,3562.2373463047,3608.24150660528,3672.74046048053,3714.31034201895,3737.04164412661,3773.86375932399,3820.79121914321,3833.18292688088,3874.99465389561,3896.30002550085,3893.35918983869,3926.52047646305,3957.50741015328,4009.62718684702,4039.40811264436,4094.77423671231,4151.93279863672,4170.11501938496,4225.14114174022,4245.0269159155,4258.52865588576,4114.8817730868,4026.78721335192,4068.55367303126,4077.81148492898,4087.73790173354,4071.21095180503,4059.05174522227,4067.18880607295,4104.05832177312,4116.56000170691,4140.22132747304,4185.47022945532,4243.8747063349
1uM,875.392809777325,793.11510546748,731.576649114418,669.044724956571,622.388569282741,632.333770236547,647.492642622029,672.591295062519,731.298735477601,780.918684352857,854.663467658972,911.958609595528,985.590731033636,1014.74566475118,1068.52066747744,1130.84658554734,1147.27416400823,1213.12151011473,1263.33594022878,1317.13905886561,1365.27273644099,1398.82080641826,1478.09848110207,1521.26392887923,1557.64025507777,1632.25857832462,1676.88772044435,1733.30792544482,1802.37670447386,1845.4441234049,1907.84713969341,1970.47072169834,2010.29394993844,2047.52744121358,2099.06781059495,2139.34055539233,2165.66518634183,2209.07512357313,2240.31948397279,2289.50495149252,2329.11192891843,2374.95005054662,2421.97070763556,2462.43465338081,2520.49579943587,2590.99199876371,2643.55092865753,2717.7099699597,2785.28608011531,2874.37116269116,2937.92070265953,3000.4686725943,3060.08942097921,3134.86923783752,3202.11726735523,3285.3660295381,3345.30756715668,3403.14659614698,3463.50321595977,3524.33134593217,3588.43931910575,3627.81460836,3689.310452631,3745.82769727241,3773.14839121117,3823.94181369989,3865.04688278036,3929.1060630445,3942.94973056626,3964.20756919948,4007.18804297911,4029.03143196135,4029.01630274823,4054.05794562471,4060.36815915387,4084.88748824495,4077.71635533194,4083.28575833519,4114.83904231848,4136.00350467002,4085.36278642282,3685.88817673771,3684.21048584154,3743.9458090103,3775.40522370752,3818.16475370093,3842.43611316211,3886.35518979964,3941.37100100706,3974.68398742329,4003.88697187968
1uM,890.829134330561,832.083134485295,755.188834164019,704.920171510827,661.912537016355,673.777993128545,693.808575566334,717.635316416686,783.168054851354,835.138764746921,903.847589967118,975.858056369808,1056.8604402596,1099.08154862229,1159.1683380983,1216.96750694393,1245.81735924504,1319.15428655995,1377.09839807002,1421.20560925172,1472.8821067812,1507.12548515535,1578.92730623001,1632.44222690208,1662.91055701715,1750.24563629536,1790.59807737711,1843.4458786534,1911.02460354382,1954.25329087661,2021.36609764803,2075.41073376403,2126.05065654489,2165.68675297843,2207.69319730345,2218.73551724292,2266.40717373976,2308.59088554881,2350.56734074093,2391.50649797635,2435.76080002131,2490.39538530018,2549.89261828439,2597.68565916001,2648.57852726827,2709.23148430258,2783.83121686769,2859.26359114954,2949.93773731025,3032.46264979506,3091.5463663452,3179.3305711403,3265.799316186,3378.10408925891,3451.73412069838,3552.31395744428,3609.54535057258,3679.19721290985,3772.08174868911,3803.83518628149,3864.91849389312,3933.15600699717,3980.69277527721,4053.21474432629,4107.92206075413,4170.35027528864,4230.86471936266,4285.95904641469,4329.22173556838,4386.6087954863,4443.54759060859,4489.1620789019,4546.48813434311,4612.91871712819,4684.4832757106,4732.92126800743,4786.8971512583,4853.67353353401,4889.8924711658,4916.43968777792,4948.22259930109,5007.5241875553,5056.65552807612,5084.11435038273,5178.19219027032,5187.8713766072,5215.16424791381,5276.78813022502,5079.60122252714,4906.46635756745,4796.54202278763
1uM,922.080510742989,834.788676531537,763.773563145545,703.753031736112,669.984541670328,683.038096271517,697.695589192569,734.959054172742,800.063810336755,861.927718040471,939.041615277735,1006.99764975868,1091.73566624581,1127.04322085426,1202.45478463766,1265.82277631133,1290.76397200199,1370.26844539599,1419.29238334551,1465.67719006014,1529.26378132794,1557.47908306451,1648.40444016386,1703.67403793816,1747.20124834838,1827.8530630479,1876.93275268695,1939.57043157606,2008.70973271678,2065.38592194382,2132.03339786106,2204.84663367235,2224.26295129898,2281.7449761283,2325.57009887623,2413.42488973635,2424.39293927318,2482.76849934142,2529.86629024829,2593.76981447309,2629.92768189266,2704.66148210928,2768.1907895157,2806.14468358828,2878.62211208442,2959.79787426187,3024.9881592634,3093.75707244286,3190.34962838113,3270.19819092726,3344.93899593228,3435.48253240371,3539.57689094264,3639.00636856078,3720.48751661901,3833.09033324517,3932.58755753275,3997.72770920888,4119.20653704074,4175.1647107264,4224.91097125727,4276.71245594741,4322.85186299685,4375.48884587236,4441.32415483952,4493.83793483282,4547.93327870564,4625.59555680294,4690.68888660149,4725.56605342578,4792.68464379232,4851.78278870449,4880.02756215126,4946.88185887335,4994.02667329233,5051.82121656574,5109.55731008995,5161.82737018616,5198.62739187919,5266.28853743821,5316.89063393869,5354.82880289641,5410.80581472966,5469.58506239645,5550.75274394788,5567.76574224606,5579.3354799036,5633.4888990639,5664.12189964672,5680.18087219391,5707.89689341742
1uM,859.560216670756,793.614850996887,726.111550661018,690.233526921654,653.403686440515,660.607705373885,679.105648721325,707.715100777034,771.950520472281,835.847309085921,902.164861955243,978.111450342588,1045.71884606171,1074.07661820408,1141.31538579186,1191.56250532879,1226.44590611054,1300.12101630799,1345.44096363163,1402.68150598834,1441.88737686927,1491.35675671871,1587.15574207241,1644.71279069971,1679.95772010098,1763.75411463408,1786.46182490612,1841.99243647573,1903.06846834766,1958.31312110254,1993.59406725674,2043.92869374182,2104.09148536968,2145.5164443238,2192.40003921698,2238.06390318398,2286.03682807745,2317.9948652672,2356.19264102793,2412.80938771599,2457.7019503955,2512.40586740966,2566.69645417796,2624.37895986986,2684.53629142134,2726.32079442302,2775.13962611505,2835.68418433014,2863.15797655804,2908.18188111841,2926.71582715211,2967.57108502398,2996.13844457531,3050.07870461788,3111.01567845979,3175.5012764669,3188.95686668506,3239.27406610724,3295.59005773281,3355.52629744096,3267.62082402877,3322.48904404331,3363.82373617936,3410.24911765797,3449.97616179629,3466.93230619225,3512.18523350897,3568.48673534464,3611.13169850094,3672.3239170317,3697.07034234766,3750.62168414196,3820.58245449444,3884.96139983995,3906.20195544958,3998.32266724641,4053.07179554711,4117.74959874021,4160.80368126588,4204.01639215504,4335.44496961185,4406.09459526536,4424.5993934935,4469.71483005161,4527.61018953291,4560.89734391694,4590.44476474881,4621.21063495833,4640.49040880097,4678.23405683773,4706.30454624053
500nM,931.402187120486,839.480110499057,765.00529059183,699.901638692852,670.75677064898,681.515066990686,701.06578735554,735.487491093018,808.632466345369,864.884202546097,944.462291850536,1015.74426176756,1102.32373347639,1142.966945905,1223.242235455,1287.49378884914,1310.4758253703,1393.97970863688,1448.89940115673,1502.9614483723,1559.86691210247,1591.77097089016,1684.77347224249,1738.26306545052,1773.34058104677,1864.81138838041,1914.45999310921,1977.54084014109,2036.13329723626,2092.34918463239,2151.37376521958,2228.29173864396,2274.23655431847,2384.0718679313,2422.50257446935,2484.90950215849,2528.04871671888,2603.40860471185,2647.0450292163,2730.79554568081,2781.01422515812,2857.77534142864,2945.74352711413,2958.44074409964,2974.90989348684,3124.97117513195,3221.67824889725,3286.52074763184,3362.81851337942,3481.63546319841,3575.04438671127,3695.4223538499,3767.97063239349,3844.47679719618,3962.15825056593,4049.14945938325,4148.67839391562,4215.1246792409,4305.15953416865,4366.43871358565,4430.40519912419,4544.55392777697,4601.81424290319,4658.65000425481,4720.65946247449,4788.91388954174,4880.28039626894,4923.30921035641,5007.58624196643,5021.79644131671,5089.2127782924,5164.05877171529,5229.34072193644,5265.06522868235,5334.44809215281,5405.93207391072,5401.05744491852,5455.25523161166,5486.78719489875,5543.70578249271,5568.02337195578,5590.1197971636,5597.8417348715,5605.82775498129,5662.89750579997,5653.21862895397,5677.07372668054,5687.36157357461,5713.68669425731,5745.90167750554,5790.62216556905
500nM,895.914839017526,806.614937049906,735.473195847384,682.317775916652,642.735189177565,655.801827688625,678.297416104504,705.710275533386,777.36479755493,835.436601553961,899.389883486403,968.45578726794,1051.98842238748,1097.0888631257,1162.82116356533,1225.11951045087,1254.09438076987,1324.6540606475,1380.89301306078,1444.36045905788,1489.81300886434,1529.66903412944,1605.11819134463,1665.28891622875,1701.96643113316,1792.59344247821,1828.70905445503,1880.21898199427,1962.43465488072,1997.42187474413,2061.32306731098,2133.06689070387,2202.88900956254,2244.73692266926,2318.49280378462,2381.61560996212,2429.04178047446,2486.06318996982,2539.65761011203,2592.04277048709,2638.64498398585,2703.69694368171,2746.32812394556,2801.89201526988,2856.28007270443,2943.96684736897,3012.28625207741,3091.45832452768,3139.36794149052,3249.63012117686,3335.84254211545,3405.94137120979,3470.10092640232,3534.22305346547,3620.92279551069,3710.35762822386,3797.40378383646,3863.18511186749,3928.36761243901,3990.83448649567,4064.7417932517,4128.18253130122,4178.65026317486,4242.06162318162,4331.80594849018,4340.96188297001,4391.14487554239,4438.8791963655,4473.64921200488,4524.89756490241,4557.57679493788,4607.89923159181,4643.20629702314,4662.75359398648,4688.70045741474,4739.87953869497,4737.43371234424,4735.76526051923,4796.92058946603,4813.96031066913,4854.71988228547,4867.24687388334,4904.27532908859,4947.5067498897,4980.81057110072,5014.91908102784,5026.26548399081,5094.52327136694,5151.3874983047,5184.84820791739,5213.98199912303
500nM,903.195987829774,827.40106549037,763.095068266707,694.921895865652,660.049617458556,672.554366943838,689.570340010975,716.023885592639,771.140218161763,829.250491741812,895.799382079202,963.966533153165,1054.4612328171,1103.42128475552,1174.25177331129,1236.66055180939,1264.53577233674,1334.19113879908,1381.49497461398,1438.86926200917,1495.35665486265,1531.56101970158,1617.04139803557,1667.99953527087,1702.39969333617,1776.08737957877,1814.25974085153,1888.93523660605,1957.9960984786,2003.11932891259,2070.88270165297,2120.57626428136,2190.10559844985,2225.68006813644,2267.80345975396,2346.17581209296,2399.24044854887,2467.59721751274,2532.49462778513,2598.96278466577,2665.52299002311,2754.69033405669,2815.84901102991,2888.60946197966,2995.53110063403,3093.93393021752,3212.18653165145,3313.49529203389,3401.26934275922,3540.61060220022,3677.91181588576,3820.14681958972,3958.48938336782,4069.54910114787,4212.81349376401,4309.52424317839,4403.40147009502,4505.12377289491,4599.19837587224,4691.83139984778,4751.92159854017,4814.61834003608,4884.38802799605,4937.9907759606,4988.45887121292,5010.11636156216,5066.33702207099,5102.61060614687,5088.41253186428,5077.10017257048,5122.0995228994,5116.05306394277,5133.50064002883,5147.06718628779,5146.98522542914,5196.09487064893,5190.95617618913,5119.74077479342,4957.94724013992,4941.50685606132,4998.58461337335,5028.07679542112,5072.06363966213,5130.6293177898,5176.85172738392,5168.14855382015,5212.13952540234,5202.09240228675,5243.96630987211,5279.5101637914,5292.33155967
500nM,881.111671085364,807.282709435803,744.377065421738,695.256646902946,657.196341808329,672.602742746525,691.282879306198,713.733525302858,762.725480635183,816.81893963057,895.025750358406,961.501354625944,1044.63544732037,1085.46406589131,1151.83131663297,1213.2473232269,1235.78669661377,1311.47890414245,1340.30301406837,1412.79368223948,1463.65398875796,1506.17042518878,1588.41000865204,1643.35728092884,1675.39844554709,1759.96981113407,1814.72822605858,1869.60176619905,1943.15004836205,2000.40777075286,2052.82680488268,2116.34443898396,2184.46124955107,2228.18905718559,2291.01211729293,2357.11017419173,2393.25445380991,2465.83887426188,2534.85148496466,2606.35252550329,2666.40306187458,2757.5048973684,2832.38987764704,2911.55300497338,2996.28372694847,3101.47479620524,3170.60476352021,3258.77422522755,3358.18291352789,3482.82841253572,3587.60556939306,3686.26086138475,3765.0416754674,3850.17981482969,3953.11106367291,4030.59592248909,4136.30858555592,4184.29781139716,4279.83861833735,4333.12138766629,4400.95751332896,4459.20620615601,4547.15447228536,4610.84573014453,4693.53922466957,4728.07043352823,4784.86325534174,4854.57618633827,4908.96150893163,4933.56926473041,4976.62707587278,5050.29273887261,5076.69051660755,5117.69497529332,5150.84124097943,5208.57367692304,5223.34045967097,5231.72034047316,5208.77218820792,5055.8709099044,4929.97915410757,4972.29766772353,4997.87120752525,5018.28683399069,5074.02033160108,5125.24649913637,5147.15595317392,5207.22635747227,5228.48498702803,5319.82877287297,5345.34856852559
500nM,918.961373146189,817.941966472019,745.936880217077,688.00943378085,655.500779584649,667.283321420903,691.468699798053,719.593403810067,775.830865807842,843.703339848679,924.650135749314,982.758630202273,1049.82566433507,1101.15486001176,1166.86191834111,1237.65173480991,1269.5204698764,1344.9611388113,1393.16336480202,1465.63405250577,1534.91473189633,1584.03806554882,1676.20068882989,1735.50430259338,1776.01363087815,1881.09977626001,1914.87884929021,2000.23903339301,2066.63851204074,2121.15161598439,2198.24951227287,2270.13470826206,2327.63955823411,2388.66003839445,2445.48560419513,2508.18616715057,2560.69901323805,2608.81309378821,2657.97695652362,2724.06709711199,2776.54288718871,2849.34728936194,2928.29312299796,3000.72035861825,3074.45740352596,3157.04863003524,3239.5013967157,3339.17664168027,3430.80169715141,3533.74510182102,3648.88055306494,3763.57187324074,3877.52038947893,3980.05483501517,4075.04298440934,4191.60154845141,4249.54641132036,4353.33178387996,4405.21823707283,4489.02093177291,4586.05067961583,4638.397511876,4721.59092514664,4786.64555602274,4881.89835809614,4957.09901294596,5020.44732225586,5097.61070468921,5140.94103971309,5202.28840305286,5274.0328870422,5283.95429174109,5365.22953890425,5431.13821658968,5484.98260710367,5525.93284231754,5600.54308461194,5603.72744794736,5606.81251942605,5640.18776000534,5643.7835423835,5568.71784585362,5569.20384995634,5503.63704583795,5454.40095666663,5455.89498521361,5492.87081991573,5562.89385384098,5595.34746719766,5644.09305074241,5699.10364677791
100nM,855.887840778868,773.05045409885,712.640299136265,662.143465001786,628.432402939075,640.052375944879,660.122781769723,685.350600244411,743.04519163653,802.59122414172,868.474010165499,934.782603657378,1010.23506717994,1046.36682364517,1110.63854023847,1158.83664634512,1192.43775231881,1251.01500280369,1303.28722220082,1359.33039365392,1413.30099596687,1452.40884833845,1511.51828395348,1566.05389443595,1603.62613600846,1693.28038468536,1725.17128114749,1780.93790952859,1841.82441842666,1893.79728511417,1956.57401473241,2028.62248451448,2068.48929606013,2113.80973373227,2154.54065319283,2207.37719466329,2259.68807978807,2318.16204610496,2372.62781859724,2429.27334803368,2484.03485637887,2561.23559897238,2622.3467290791,2676.8812631338,2762.68628900268,2840.72518750942,2918.69215179694,3024.06195162232,3094.03691987628,3170.74915176989,3259.191167598,3368.7021824817,3477.42336570523,3589.17329681846,3712.29307060143,3818.89493097127,3922.8844391866,4001.15740276079,4079.81929375064,4165.47577507617,4230.61624915768,4312.90930995111,4371.99723435382,4444.36442780844,4499.93474624403,4582.02892088933,4632.37438398313,4673.94654027967,4709.51564819981,4811.58811906077,4828.99922094139,4869.06366160711,4912.77657840444,4948.47312080802,4980.10403852893,5014.86521471016,5036.39056807128,5065.34491832691,5081.39859467531,5095.84310271741,5096.91564916321,5037.04896908412,4982.61765944476,4943.76871088584,4960.17239342597,4979.22886483544,5012.05193357848,5041.63654049769,5095.77018077836,5138.7877927089,5179.05800481491
100nM,849.345974490334,773.64531744706,716.524391951063,673.704327182032,636.340209998058,648.099271868003,666.76686938771,686.815469271981,748.778296342816,806.747491162717,864.509500040625,929.554620071176,1008.43696171727,1042.01488805985,1093.48338288132,1132.68813120804,1166.57938676352,1240.53556155416,1283.11628617207,1333.46591776967,1371.41081179925,1410.54435898961,1488.97099060989,1547.45365853995,1580.530440341,1665.81895934759,1694.9485418249,1757.38642912679,1819.07280406242,1871.66886960589,1929.02005211388,1989.16692834384,2033.34340283477,2099.8521803078,2136.09540319887,2198.93762763944,2244.8554947475,2303.77091912999,2346.09385244174,2398.81767056581,2463.27603010594,2505.17309156344,2561.68674619806,2618.31336903618,2681.1935004459,2751.85539629652,2823.72178337905,2894.87440395745,2949.66264592524,3032.59141111806,3089.86297342281,3156.40180617826,3235.32406530248,3320.36081134363,3386.54716983647,3444.41366814016,3509.69292802738,3581.19921610663,3634.67684701279,3695.25372613011,3755.15118628007,3821.64761087868,3857.86130142282,3936.79442241322,3959.19947731812,3991.55015737265,4030.47080966274,4057.13528032729,4053.37538233802,4089.00657443687,4094.14219495255,4132.99808387839,4155.38512517266,4188.15007691265,4235.34981195235,4291.40208390201,4338.51105045645,4406.7702598323,4434.04646276246,4318.30681978501,4197.24653441681,4123.88935238376,4142.10789276967,4219.05690958798,4298.35179117178,4351.66283806777,4401.31368778284,4434.68421057511,4470.87466004187,4529.41942702357,4571.69267171693
100nM,876.742205280834,790.750090309394,719.917715291145,673.356652356968,647.675178566134,655.236560374393,673.682901178489,686.20659688268,748.620922555736,810.388314633929,878.103497157994,942.187242827006,1022.66698732665,1050.26905778377,1107.15137334554,1150.12847465788,1193.63616887183,1261.43940621366,1304.22659845752,1350.58932516932,1415.14738648788,1441.10982428827,1516.89239572129,1580.82233033777,1623.69539930674,1719.46592451091,1749.13262605228,1805.19930268484,1875.33769470131,1930.63508484853,1996.09854589802,2055.93056721884,2126.91222054535,2169.93482571465,2227.09427673624,2292.91201388231,2353.31421239166,2402.65072055944,2460.97194152695,2514.78442213703,2575.73601056356,2650.46762824544,2700.91782461302,2773.98328424328,2816.01718147144,2893.15856265413,2980.62759693792,3046.41742576722,3123.0016382391,3191.7997470815,3279.08255755372,3382.86135958377,3492.85625671279,3558.95298278539,3674.28663191031,3776.25494013962,3866.16299661084,4024.37264445937,4063.63816689172,4150.71161402003,4252.19679843382,4322.63275822811,4362.59571617822,4426.37814716198,4470.18224327319,4527.83812180723,4566.00481036693,4655.86236146492,4699.31105530535,4802.57286831225,4848.4711504908,4906.04353009154,4894.41629476454,5008.15868368928,5073.15426507588,5151.8977826288,5217.85995423499,5332.15690420554,5324.65528259011,5351.53407483983,5461.24098580272,5507.55589392232,5551.18884482457,5590.33167768848,5444.51759288803,5424.96884759119,5330.79942494493,5309.95334731341,5241.02905353949,5297.10271563174,5353.31560932067
100nM,887.931564763968,802.837550201183,737.902265962686,678.89598783548,650.729428365811,657.755414975097,676.38658977563,693.250984109121,761.251110154363,807.394021992131,874.887179763145,942.832809420802,1015.90906601244,1046.19594209268,1098.2683555227,1153.98527238863,1184.45393867786,1256.77029002237,1299.42818963809,1354.29404984626,1404.78446229597,1441.80501583896,1517.84555046563,1583.3932459226,1624.21896847983,1714.55979020614,1747.01489426011,1798.87177810158,1859.41516622079,1905.88068466679,1979.64325743523,2045.50876719187,2085.13351020921,2144.36519207717,2190.2201320238,2241.3120981173,2296.77932161842,2358.39207423161,2395.38240694701,2450.35304678112,2515.15587513092,2562.04149115842,2604.17963596886,2669.38956965575,2734.65049898599,2806.81805436703,2871.6780137772,2944.71610229191,3009.91288861934,3080.68192100065,3150.81784356652,3219.03993318834,3296.89277770862,3385.27068460296,3491.21334854458,3578.29670378499,3657.7008916713,3716.6852694093,3786.04280770164,3856.75348908274,3949.78957085125,4007.10088612316,4045.75388449524,4104.40452852087,4126.13704199703,4204.96509076105,4269.77800092219,4341.09741553316,4390.87845111867,4450.47741979064,4461.73931728973,4527.06628547554,4555.49776588437,4643.46597247418,4672.9885377339,4739.82039826804,4837.00664294149,4871.25059202061,4867.07388051747,4870.57655998819,4896.59014027437,4906.79401532959,4918.23131767558,4967.00991454679,4985.07358154546,5010.70473170088,4951.86427389216,4733.65726968141,4807.50029789807,4700.85739268014,4647.32124460592
100nM,915.27235051339,843.430207398674,764.983049598402,703.753031736112,676.674628865676,688.308163870015,708.230044615143,735.621172005488,801.256468026211,862.562642175978,935.574059009249,1004.3103970201,1090.785452943,1122.66350619999,1178.85727848191,1240.32011164559,1275.71674519056,1355.36747453532,1411.83145036199,1461.80598124525,1519.23561368556,1564.25542266329,1640.95101378428,1710.83349987184,1751.88160318081,1855.57721408973,1884.63137733292,1950.33170928623,2011.88048600752,2068.13847431017,2149.06528450247,2202.78745566363,2254.01277082638,2308.37100404471,2360.47198490981,2424.13168663137,2482.54855814013,2530.7662446904,2571.64603112726,2638.62127634674,2697.5171775369,2737.94777354758,2794.58188705379,2856.26729964036,2918.80430169937,2975.97012790797,3041.52805250365,3115.76683384202,3167.84513376306,3232.82898524315,3313.01184482736,3399.29180271104,3447.5072630811,3555.09071366214,3628.55727451716,3698.55215098748,3794.96221431973,3845.56306697342,3896.56667021028,3972.14872674616,4042.65031635622,4105.19063664966,4088.48723251916,4173.95664717425,4206.22430921702,4283.36479386389,4338.68480911348,4374.85466476247,4452.03253216365,4534.68476940781,4576.57275192692,4623.56064644773,4668.99278096074,4716.81671571016,4765.37174020926,4824.02918835419,4881.33758780116,4922.58828282317,4913.30771699856,4766.11569638614,4449.95348386924,4448.37117651282,4475.82904011174,4502.24730732481,4535.35298442014,4580.61687190533,4621.73887177194,4556.71026909686,4629.77793364477,4694.40117505223,4747.83193718911
100nM,894.028779358061,828.997525178109,761.587743358486,710.577968044065,665.950979631771,682.758619286359,702.182964743771,737.098636714206,803.381542725732,858.457681744108,930.801620536196,1003.85908744134,1083.99727556751,1133.4057058434,1218.53609467994,1273.96748347253,1301.67386671832,1372.34157639644,1441.11896557095,1514.85187061168,1579.29801765911,1618.65213911027,1709.00105869912,1779.72502580123,1826.6844323924,1922.78791809473,1961.40521963295,2027.05663190982,2092.83461322042,2151.25815517486,2205.47429764838,2258.62366622493,2299.48189323316,2356.02820033082,2400.92926683046,2454.14568260667,2498.28966612918,2555.65599246033,2613.99012945972,2691.03844694367,2747.6920410152,2826.16040647631,2880.40559463958,2963.93649295687,3009.61018075077,3092.99588451908,3175.47319851832,3272.03269210494,3341.87634432027,3422.93269784976,3481.76521610123,3479.51545258701,3439.75244148867,3488.75626466941,3546.29621624019,3614.58006077163,3661.17570730919,3664.11188675282,3730.36321818059,3782.72219673501,3842.72181882681,3749.06883245545,3807.35054764244,3839.70105362913,3874.39194429335,3924.08312451483,3972.09909246255,4006.33363507914,4048.73734933603,4132.06583205617,4166.48642204605,4223.49343754259,4270.22047634353,4344.94570802147,4371.5692685813,4477.55014104461,4520.92472102516,4553.17719697525,4613.02013840641,4652.94366593991,4708.42334590701,4749.22188846668,4737.79964714688,4786.5598860783,4793.40215776571,4826.21900934895,4800.85386979725,4803.22032171453,4807.30962094293,4799.06779570493,4788.87917722051
10nM,896.15559936198,821.333963046587,743.912787269085,691.044828982502,660.59226580587,671.185523304398,697.356824342093,726.821215469483,787.604520766813,849.094775221363,925.495231895442,983.055682291579,1075.93025173988,1103.45902052246,1162.6193908607,1228.21615414391,1258.44897406263,1344.65308434355,1398.32715284648,1455.34335604757,1509.0234526626,1544.62461838194,1626.32837382753,1701.15151906135,1740.82290122865,1840.16880960733,1873.85502132107,1944.55191857792,2005.24864550355,2065.31461382363,2127.31577850865,2188.83612241704,2242.14054348692,2304.91159370579,2358.10906496554,2417.73460825329,2478.99031344218,2540.25294937113,2597.69214020206,2657.33937097509,2730.74948854793,2796.42707606995,2861.05299622039,2918.75303496022,2982.49086022342,3062.10659444041,3154.33407959088,3246.29723575801,3325.5992104131,3383.13837778169,3492.06107344392,3609.87330643671,3736.69248868212,3840.53383297741,3926.48508537034,4030.34366044714,4101.52059018266,4183.3204004274,4250.17378516402,4345.26565220171,4398.58355727192,4456.98657146617,4524.49524234731,4583.37092399953,4651.99700346769,4717.48191161238,4791.1704600412,4884.20990483169,4906.43164402234,4976.13899058859,5033.14039402913,5088.85146482387,5115.42058149662,5211.82947722072,5283.98611264879,5304.46671188097,5364.54205117188,5412.43267493053,5373.71859336125,5381.66673826894,5357.12080591521,5369.3551684789,5361.44654745188,5344.79681248531,5311.77892641145,5174.15422679936,5146.93884722228,5105.96179637025,5069.06277787709,5061.79163295291,5088.42261665077
10nM,883.814540471659,795.517577465692,735.528034175264,680.962053702171,643.670642984547,657.723356258861,681.636200857232,711.556944736089,771.40019924884,832.076417169911,894.804593765477,960.775043700111,1049.85844311454,1084.86226085787,1137.93328783997,1190.18639858046,1222.58622047539,1304.25817482484,1355.78205141577,1420.02630419475,1463.61426762087,1484.80819232672,1560.06618923095,1628.96013313902,1666.84823932753,1763.70051585439,1802.16920665483,1863.93236658688,1930.60939849272,1981.98197979655,2063.04754675486,2133.35362506295,2179.71445086602,2243.89669783036,2293.00295381316,2349.90592988502,2415.29783670719,2465.45282723539,2515.86452682719,2570.17716414387,2640.32740592249,2663.95338445019,2722.28352717391,2780.39505882717,2841.88644188566,2920.07523975572,2993.48175750219,3076.99182810909,3154.30956107807,3228.6461892269,3318.30641641402,3413.09972926537,3511.22583640188,3610.80872456643,3729.62405836788,3813.73461691214,3904.22912241196,3971.87766118425,4047.19573008413,4154.95516466564,4219.18853474294,4310.81110143535,4378.92026452608,4464.35444032491,4530.206941929,4618.78077109127,4684.6821058111,4747.43637124108,4822.23131315091,4887.42237770431,4933.73624423955,5002.53473096606,5036.25262968765,5117.64897100535,5155.07216632572,5245.88661702123,5317.63772394376,5388.69132806045,5424.96184341831,5416.64791088518,5393.89963611662,5361.94786328679,5313.69175424843,5250.02191558735,5248.13680722203,5197.40264022473,5200.18350444661,5214.9120839296,5230.5951599459,5293.45842953325,5340.31164969001
10nM,913.81025415032,818.065087318406,744.847048415497,688.228037658186,653.641098460814,665.699996262924,688.913426464793,714.384542093775,772.682252540631,843.270892568306,915.645118286818,986.121634140357,1082.44926128436,1116.21309901908,1188.13398464017,1247.19221214854,1280.84064396425,1371.95939389193,1416.38973052789,1477.6794036338,1538.66936244592,1573.29365294806,1651.19907247442,1718.63400876997,1758.15938957617,1857.33353001325,1898.00911595787,1961.25198410765,2032.59070304331,2092.32016046397,2156.56890033485,2248.81090675058,2301.24556188944,2359.37119427882,2420.37699237006,2486.40523090533,2542.09655471908,2618.02975048082,2677.74473620381,2751.08562747126,2835.85315865897,2910.25531284833,2994.31406663082,3075.36790848633,3183.8367377701,3273.02409927523,3376.54311634078,3479.50356840388,3589.88921421176,3697.58715752884,3833.69689923052,3992.10229833037,4106.68731889324,4252.19129464326,4396.02172788719,4514.76661808225,4622.26717852131,4743.00440327337,4827.163238658,4984.13511926344,5073.51190227768,5177.79660629957,5271.67130346678,5355.01138191032,5410.60800175741,5516.92097588854,5577.57911928685,5657.01704885594,5688.71294411349,5785.07488424421,5825.67374511409,5861.6034979864,5949.61640677651,6006.86543779928,6053.86426760388,6103.73532210072,6135.81130368112,6139.53640401018,6148.6278392752,6108.15604357095,6064.00295596726,6066.7153514204,6099.96853160771,6150.45592191476,6103.39601748461,6019.32197807233,6021.35529767015,5994.92339457429,6022.67853185247,6045.9093916435,6083.07442277397
10nM,899.38722973138,820.127257832457,748.084730073159,688.351983302802,656.473847368838,664.64859652114,680.555105045918,715.482435478789,779.160473445397,837.054638778798,917.69182636316,996.156009296915,1074.63854377739,1113.78038845799,1193.70792343006,1261.89823180695,1276.99276103611,1355.33041973173,1401.55201700563,1473.62365020861,1532.56135288508,1579.69155493592,1652.55678503197,1718.15311494068,1759.88615009811,1854.76412015604,1888.93579307269,1968.57921950241,2024.11620080039,2082.76495574079,2157.38607355368,2221.20769145886,2271.99398764457,2324.09450828587,2385.90011965552,2440.50187846239,2495.42160991217,2562.99892861096,2605.77953055596,2665.19618813604,2749.9363248691,2821.42749919416,2882.46825732272,2965.71239586063,3046.54238160657,3132.7959040204,3220.65285570732,3331.12426968364,3450.75131899653,3552.44314244724,3679.06728028257,3763.90431246173,3871.36812195514,3928.71492275049,3991.14127024499,4091.3112379723,4197.05382882625,4286.71445096188,4338.53712423348,4432.77969918646,4523.4262578835,4579.2309263184,4678.31422510223,4798.99790881991,4860.82467714675,4930.629348425,4990.09731255378,5039.47549845369,5108.39491217451,5170.19646158833,5238.2982396368,5347.49569462072,5375.61804685057,5462.01599712659,5487.28675727861,5580.99745475584,5610.98402751949,5638.4874278176,5678.61962709736,5760.20169602497,5760.69588235261,5815.99172832208,5835.15335665274,5824.8341065036,5757.74108357887,5712.54445702476,5631.52218820454,5629.45873054463,5550.764873913,5542.9286351447,5576.511847522
10nM,919.628451865814,845.360803627826,768.707848475129,703.989394814075,669.454474138017,686.865901779225,707.267913535508,729.735097438636,787.322641125351,852.450725350345,935.838728056208,1009.75199479527,1089.40137510588,1152.53272043606,1225.60099300799,1283.58650549988,1313.02027563621,1413.8447360367,1477.63232992101,1560.75169148338,1627.19048307769,1678.73318154027,1760.89991520789,1850.6033251343,1888.85369275489,1983.71545731105,2036.7160572046,2111.61670762236,2181.33510295749,2232.56439257852,2293.44142989824,2346.70398768691,2397.32967662032,2446.02316510719,2490.31841818959,2564.19415634583,2606.16191412114,2680.5711738743,2725.29802287648,2798.00993948102,2850.68160825578,2939.98022797255,3012.57507031301,3088.31945290564,3178.03433194689,3258.94640912896,3382.67755440501,3466.03990258861,3589.73557900759,3711.99616911057,3818.41022663516,3913.11984372941,4014.18026925034,4107.27715251397,4209.67675238249,4298.39199719287,4379.40179037086,4447.00091487354,4540.67820180818,4631.20635606288,4702.30159262982,4795.84332396472,4886.74928991326,4954.89887964442,5040.73163884195,5134.64211712245,5214.28088515755,5288.38401642875,5328.88042393101,5433.35147235356,5481.54223331074,5558.54920782817,5611.17601563279,5678.60664161832,5727.24707588733,5775.8021236922,5805.92623726578,5824.28372562298,5887.08013943908,5940.26883268803,5966.73740883076,5961.82497197094,5564.6661970292,5500.86890171487,5521.37958514745,5515.49749081206,5543.65395893091,5574.54132603557,5596.38522389787,5661.4972480721,5729.39038201604
10nM,826.621450685842,755.306502994628,700.389138320875,654.647804832432,621.1426497625,634.981962081209,651.977251829808,680.296049810707,746.665263676507,811.36207405311,877.6884715993,948.826314776925,1017.90659166896,1040.93717792618,1105.26656330308,1156.31514466745,1189.28874268293,1262.02529870793,1307.75664940364,1361.12746259415,1418.16299644313,1461.70345777009,1542.31803856719,1607.21114661353,1645.29684332256,1739.04603710232,1769.87914882423,1829.05950478954,1890.89563207827,1945.86685300203,2007.55396096235,2067.99464309492,2121.0653139777,2171.52261657005,2224.10111415633,2272.66983489131,2322.04402419945,2358.95918774654,2417.00365980015,2465.59061005768,2525.56939881427,2590.38357016664,2642.6563208233,2702.64954366982,2750.31933270842,2812.3924503017,2885.19934906208,2949.67780793831,3010.16109759225,3068.41479158766,3119.62452017148,3163.96198864968,3181.08653830066,3205.05801291288,3253.37099251432,3308.70739225018,3359.91110429693,3402.91096408077,3469.65324773956,3528.26647799005,3576.97898175823,3607.92505500306,3661.71954521938,3708.89155771752,3775.85539948836,3819.23392357989,3885.23087663057,3824.88924590206,3868.73366859255,3946.68505407698,3981.93753601862,3939.5764237307,4012.30194863861,4088.25072571377,4113.51042917158,4209.45695103453,4278.68229609816,4327.75444730357,4392.39135234994,4432.83373431492,4542.52154171946,4597.33335051087,4642.12496058953,4733.91207515025,4767.72392199553,4809.90036584876,4851.02846401821,4857.48601936809,4931.3130056529,4952.33970986181,4982.9390449126
1nM,844.044845240262,777.420465579177,721.774033004472,673.739625819391,628.583974280853,646.13369206789,661.240183757138,691.000387685493,750.090359721375,803.155104897548,873.63948287809,943.299015351086,1018.85252212415,1042.44044647164,1112.92430767477,1161.95933188853,1187.97919185506,1255.43905016386,1306.00381906976,1371.54202192573,1418.660852201,1455.48581232377,1538.90171259369,1599.97820836816,1637.56801118428,1736.0740474904,1767.35274506258,1825.3084878342,1882.71231916411,1936.18324211133,1999.66522085571,2057.78636929195,2129.99375184006,2175.84207585966,2228.88358171592,2278.85045437794,2343.68015661911,2394.63442268214,2432.13792804757,2484.17135319662,2530.57099279523,2592.19566160694,2656.50026592559,2712.69062281335,2774.42261736218,2830.96130883773,2916.91210678242,2982.96019092957,3042.15112559797,3122.50673202718,3219.05812074516,3304.61032806396,3365.62951545916,3457.02238142517,3539.9531423418,3600.51801164693,3684.33440975227,3724.1836280769,3790.38552343818,3838.36013184009,3851.73752911658,3906.0357637345,3934.5945698266,3950.15805390458,3950.35828865481,3978.41521702605,4034.83017857287,4103.633482623,4146.07164058646,4195.06927780453,4238.74280912967,4308.32109763844,4354.07819481811,4456.30933548568,4476.038732937,4541.76013714381,4283.22311615952,4204.94250052354,4262.88688852918,4297.47076673345,4357.13893150266,4419.73078138259,4472.34041056503,4515.6637016522,4562.93705356005,4621.91029306763,4683.4512559369,4603.29443952746,4649.93141267978,4724.2009876123,4755.17780243151
1nM,876.372371584213,792.675943439666,739.494128748554,692.482744119843,647.783914923216,658.883507405334,673.871587373893,698.788426628009,763.812267613268,818.089937369419,884.188893886198,949.144521015196,1034.88286413592,1052.43106817211,1122.88928499491,1177.6322321228,1212.36912164098,1286.37211971481,1341.91548222953,1398.80116974447,1447.28827220007,1474.06472359152,1564.18547855465,1620.02425394534,1653.78790964463,1737.96202928545,1772.78065922969,1826.26824226567,1890.73629268901,1947.59164404643,2002.676345487,2076.62317771461,2129.21325648314,2186.00775229509,2235.16236831681,2292.85381844669,2343.06964423679,2404.67451718785,2454.52076838635,2516.42636529845,2557.07105915046,2620.86724285057,2666.68748439197,2732.35079657861,2812.49507667264,2861.29987990216,2931.6786637937,3018.08638520328,3076.6885695603,3156.8919672524,3249.08702639191,3336.5167213583,3407.89413474483,3485.72895836322,3558.6236973393,3631.73183831233,3711.71869751012,3752.66296262747,3814.92437381022,3878.53950899529,3894.22487627534,3953.83492273589,3953.6787775678,3965.22483418999,3972.21134558561,4028.41093335285,4074.04256352476,4143.90888190331,4182.84649931903,4247.07025131744,4305.08713158677,4370.35999339416,4434.42644815582,4326.77963637344,4223.58296211186,4235.1107181377,4298.31296694251,4338.70288013032,4385.79877581199,4453.63124862605,4486.56458741337,4543.13445634547,4603.98407965983,4647.04155105128,4656.25380063382,4543.77565162539,4591.3902928677,4628.41732847342,4707.05033554667,4740.73967063477,4775.02238479595
1nM,895.059707679136,811.744339994345,745.99292585084,695.738865229462,658.07917619449,675.157518554951,693.73785197354,706.636939385464,779.213773773794,836.346729591165,904.219573745322,968.099500770329,1054.25587900992,1075.67187785634,1142.50912159779,1190.84103600624,1228.09242320753,1306.50436721591,1353.6421148529,1415.50290484877,1468.15233760955,1515.52384302705,1594.9844287091,1654.37908392123,1692.60775326936,1781.89024813163,1822.62759591363,1873.66788089294,1930.5018784953,1988.3452299131,2073.99510736062,2139.37370673869,2204.65347356693,2264.91118478568,2322.01626884198,2394.21835598135,2441.35483942487,2501.38123015146,2534.34809814894,2582.28886297459,2633.30216690355,2687.60420847807,2750.48785604854,2819.48412287376,2898.72408009413,2946.63621393084,3020.08502871699,3101.95123904424,3158.01075660877,3243.06025315205,3340.62577763514,3429.39969798329,3509.44592174097,3596.51452437389,3676.88013243631,3739.04280916332,3826.03619523749,3871.91854926255,3923.00305312741,3984.11524433237,4024.44382162188,4066.39451059851,4090.51269882494,4095.87962246476,4091.37984593963,4116.3377615954,4134.23966058699,4196.97041113782,4264.12030540733,3998.77629614705,4071.99900235766,4114.61162477862,4185.14988608863,4272.11254460668,4304.03374174428,4216.09659509694,4138.46463425388,4184.37106494809,4255.83852888382,4287.78011416204,4349.2157770237,4400.02369691704,4462.34860273854,4517.68985837083,4556.47095902184,4636.41746144389,4677.92869506681,4731.87505198818,4804.60023876223,4882.12383776747,4893.77442099453
1nM,902.160041769089,802.73367606895,735.478057870617,698.964363652415,654.45324844757,671.824110962849,686.434170865895,711.969533010391,778.7996559092,838.03182122895,905.873295231178,969.898090846875,1051.77952448397,1073.26004206257,1138.07325474563,1195.68266629358,1228.74628358214,1300.71667726465,1362.2772861077,1414.39012390363,1465.89001758487,1509.8702662872,1588.79226343803,1647.31513774438,1687.87291510851,1783.20117960343,1820.91310351704,1873.02112664293,1944.65939597318,1992.19035119624,2059.07724381597,2128.25903566192,2188.49012627684,2238.13371097629,2299.88939113576,2368.17175797448,2430.46685677059,2464.32441770499,2506.64738409922,2575.95224212291,2617.21746646099,2701.14197002571,2729.42940820249,2789.69331823162,2869.48817484842,2967.73357086321,3053.8788627663,3139.55535696762,3203.39862712128,3287.76007672529,3384.69528141549,3490.51279847644,3567.32297118807,3656.9604752241,3751.15835935439,3817.0326069373,3896.37058841136,3965.14413638353,3994.78463241399,4088.4253407866,4102.58788274052,4128.23841961409,4160.08658851674,4185.14763705311,4191.13654579577,4226.56225881118,4295.03170785164,4367.66919477551,4403.31603592575,4503.14054078565,4574.75642959594,4629.59944398424,4524.61840778352,4584.7736485133,4612.8337252452,4613.01329165896,4287.13524497894,4305.29791338207,4356.54321142015,4388.38759136744,4447.59710554346,4491.90163185049,4552.30674346494,4592.40986045989,4664.56448879521,4525.86002324738,4504.14956670758,4540.34922685451,4627.03392770509,4679.02918769738,4729.19462844583
1nM,868.492631578908,780.471618296117,722.288989463901,684.309998565251,639.967738687566,656.406207770426,666.765841214962,693.205256239789,763.36280016741,820.206672839179,890.879443937975,955.199851640437,1034.37122448164,1052.33820245513,1112.75093471191,1166.33059303059,1205.43075837336,1274.22627712575,1338.84763041221,1391.85775513518,1432.21709885105,1464.6599492054,1539.60574042247,1599.20575446294,1645.56960974485,1727.35203791617,1762.25759276935,1816.30057370038,1873.07176661038,1932.10776930011,2001.56574539611,2061.77750999503,2110.51238417885,2161.69416728941,2225.91147269244,2309.97973834305,2354.83761130785,2432.91438413895,2491.33729265175,2550.61054922539,2613.93262996905,2683.59958695097,2753.61865513422,2814.994307658,2887.57586903551,2969.97876701093,3049.58300892329,3102.88206424548,3200.00005460166,3292.4223431133,3337.97607962397,3486.80756673657,3557.80272208586,3650.64505019669,3703.87371951126,3792.9656606647,3854.01836367346,3935.93849183942,3971.56478673498,4005.63097994044,4028.21989552702,4082.01522734199,4041.38203860278,4056.90970757295,4070.69002167618,4068.4090234353,4114.61586124512,4169.74438010106,4280.24521580211,4313.66362938068,4225.31776677533,4274.29020185341,4354.62495669386,4437.63872137878,4443.04394360505,4528.84064578298,4587.99882995928,4646.77664028373,4481.68364222251,4287.70299727984,4322.26077860576,4368.12667971555,4429.71062188707,4472.0292020378,4521.39363839035,4578.75935602919,4477.6703283574,4516.25530051448,4560.16437204687,4635.26659121424,4678.66442140324
1nM,833.077487982172,767.221720140666,702.761217869672,658.948164644994,621.32207738942,633.839032189315,645.872643323352,674.033129876634,735.361118615016,797.314520452903,863.241632247557,931.553638778786,1001.22834758187,1033.48767088481,1098.82459576342,1155.06036837276,1185.55142018968,1251.4078528907,1297.14350431795,1364.7264747203,1421.41432710463,1464.60758329139,1548.67016950994,1613.31694162606,1660.73500823452,1744.10556421742,1793.5630013491,1847.58011992405,1921.87467254611,1974.42525334264,2039.30000222991,2096.57474717257,2143.47948890143,2193.47295786393,2247.28561054856,2305.1266942984,2347.95916237099,2406.77430217948,2443.6260874056,2493.90692274289,2555.01211921696,2633.65635780427,2666.36034397724,2727.00902052902,2795.66616774795,2864.32997095425,2947.50062928403,3034.30586588736,3125.1600472385,3216.25418341346,3298.30288348622,3324.5747020336,3380.64524785617,3392.26125089547,3420.13802958769,3435.01347175931,3483.92922340008,3524.84135368024,3585.19717633682,3645.43733569734,3692.77231480287,3753.99813887787,3819.20562475197,3815.80071477932,3878.21011553728,3914.27391423017,3968.07718330017,4031.52272679216,4060.05151652915,4154.94500466026,4195.70094550957,4257.972552141,4311.40190854542,4375.89264230348,4410.35915756387,4493.5072844257,4566.34122386629,4369.02294867854,4427.55851474411,4466.7299103706,4561.11478000584,4605.83866888963,4551.47925424225,4636.03988560752,4722.91962723531,4819.85698044017,4869.03793121188,5054.18587116464,5059.14079616139,5199.65658997607,5244.52610919558
0M,902.396463070248,808.069468569067,746.643059580217,707.953263270685,663.964247326225,670.698928976028,684.71965251235,712.157037420414,775.433281484264,832.913976642612,916.519217537428,981.233455573778,1047.8912936298,1089.07842422394,1154.34773846938,1204.69859148074,1243.1522411689,1305.37295199584,1362.97806520539,1432.42932397718,1496.1596368779,1540.26945428798,1617.58005418219,1686.61079554405,1724.30914480931,1830.23367058987,1862.66891071896,1926.17775875033,2000.23709116829,2054.71204539483,2109.79346822745,2172.18396758572,2216.69549951216,2257.97044039914,2315.98836529124,2361.22747229894,2418.53951904329,2461.53105363866,2512.15901125462,2565.26304184803,2614.35956927702,2673.9193178911,2724.45523527825,2788.50958894026,2878.05111193431,2943.83460497845,3032.23593122812,3127.80320663738,3201.13883826916,3291.24687490495,3361.50946670633,3436.04516867226,3496.39669356105,3538.46873596777,3594.18856374557,3619.96136868107,3644.01008953505,3665.08057332805,3669.10079418902,3720.62484418304,3735.99396933297,3810.83897847491,3871.55247357559,3807.36869690923,3773.24877280607,3818.75070750171,3884.49414921,3932.47865267852,3988.67364083715,4036.5368178132,4104.3465240608,4158.65628949251,4041.54523316825,4102.81331055716,4130.8394126491,4199.0063623962,4253.76422218691,4286.95634600272,4363.26481648711,4401.212166074,4458.88748154635,4494.11494562994,4559.25011037342,4603.7990246695,4678.34675271387,4718.96788284924,4769.78189200974,4819.21250044717,4892.48959378412,4951.01278024967,5005.34888941817
0M,907.519512859497,829.74518578602,748.984787481411,700.860547426881,669.165910780681,686.643349160193,704.092488561211,734.298127186047,803.444068638119,873.048301213199,947.370981402024,1015.55042227729,1108.92708883579,1126.00361186714,1195.7921112606,1253.38969495287,1303.28401159225,1377.86240203268,1444.84828268552,1502.02541568042,1566.52827197501,1616.55442852832,1694.54427871533,1765.85988831966,1819.44601498078,1919.25001650828,1955.36249123315,2018.80916388276,2090.46336062729,2151.83581049529,2219.3156130156,2300.00354294769,2365.32242429246,2421.758269969,2499.01905685862,2564.8580665331,2641.67179892752,2709.26176932099,2770.5960663742,2834.14044983401,2905.13345671446,2995.31953346689,3008.54653105469,3085.84128837203,3175.56306397905,3225.28899227051,3278.89947131508,3367.6975428529,3432.1481249541,3534.66671082987,3610.36051044972,3705.6320809611,3790.34917793048,3852.62193957256,3952.95150458659,4010.98464064757,4073.77090295083,4114.40325189722,4155.89901864376,4223.11014526837,4216.9236892214,4251.76577554584,4241.72181440702,4250.75129848652,4284.83130803797,4355.42674267113,4390.39375656598,4482.01421370247,4531.34441081714,4617.04565739278,4664.74150978223,4740.69340371274,4788.43366818203,4846.97851462697,4534.72018419215,4620.95238399715,4663.30916371965,4701.08171113413,4774.47645050109,4789.49333788469,4861.55336821334,4901.78327596364,4974.30758668646,5015.80697271009,5064.47861943685,5134.83218073162,5023.97495378514,4963.04118648449,5031.49331720719,5085.43827842933,5115.79959685309
0M,921.662003101406,835.579484199721,755.419220966554,706.425558997129,674.832710170989,688.122810450096,707.56011243223,744.053465772771,811.786516785019,880.364674576096,953.863696242432,1020.72979189858,1109.14139055301,1139.32564129626,1210.18278156075,1273.51723968255,1313.45852512727,1402.88732098835,1455.24057575834,1523.99668397323,1584.73269675044,1629.89908411459,1712.21878773925,1780.35611001238,1836.53815418934,1926.50016088798,1963.10749861751,2035.58576886574,2103.86989496291,2181.05554548386,2244.34897023143,2325.9531268992,2390.91249881954,2447.9596670982,2523.79283674475,2600.29264080277,2665.18002759376,2742.24141354174,2799.74488899137,2864.0979799132,2948.27456481281,3039.59575763834,3116.9624871694,3190.02434537964,3278.56834563788,3351.59372568446,3450.30532733503,3536.03064159488,3676.59255853258,3755.0345182274,3887.59188509534,4021.22898822013,4105.32841849672,4217.58743706666,4328.92273559158,4409.27180976363,4518.059858023,4554.94035019623,4632.82219445287,4693.27601390573,4734.85336609011,4794.37007532957,4791.28995340847,4763.0117885997,4728.11189145008,4751.76188223636,4770.40385232426,4804.03713620092,4859.43779671949,4812.28148521857,4818.45165193611,4892.54510298498,4944.64438977222,5036.96463322161,5044.77680581082,5154.73615062203,5199.97708783432,5281.92646047425,5330.61199773363,5372.64489820731,5224.56055959734,5216.05862390104,5253.7481241601,5342.7906273604,5423.56475701697,5477.57745847164,5536.91869234256,5572.47796218728,5631.95356735714,5721.98703204983,5764.75608462053
0M,936.387056911204,858.963302113522,767.736144274034,715.077326628487,676.860137197245,683.561646905328,696.032813036549,723.440375925965,790.549459445973,856.31427722598,931.371392097952,1005.20344657881,1081.39561126002,1133.28449092949,1197.83899498829,1261.76980482449,1292.550410533,1371.24816323042,1439.30754710114,1515.24573462131,1589.99180328659,1629.60317171421,1722.11030365953,1792.26179272238,1851.47549767343,1938.60858376352,1981.08729881655,2044.23622241642,2125.85069241162,2190.87022014818,2241.83991725791,2295.76720195208,2322.81283963097,2380.47234909248,2437.64846828592,2491.8085911153,2536.1137587403,2601.38633464982,2662.04693575584,2735.54845211482,2817.94331491603,2878.53190194155,2969.64946979469,3029.28208903379,3119.45355349919,3202.39652460921,3312.73414935798,3423.49531842818,3517.13032903755,3609.40676420004,3715.70501963499,3808.16914083807,3893.03545718035,3967.71538574359,4059.83369748257,4127.05131581714,4198.31060077063,4238.95328685385,4306.16969284162,4409.1074390471,4415.80197300091,4466.85101120779,4477.39976096188,4506.84439264699,4512.70895191931,4558.05708703966,4598.85901544767,4609.87980653898,4649.0697619379,4740.76270760732,4821.09652330582,4873.73405373857,4926.9413270979,4827.84429807577,4614.11895914549,4657.16474518039,4703.72246284788,4761.44767787267,4847.39741335061,4879.57563803568,4949.21852141615,4992.29895883205,5061.66030374582,4928.99327069698,5010.7587206145,5062.11904640262,5101.35440848824,5143.36772239306,5219.78722158194,5256.76603268369,5317.82892392486
0M,900.614846955224,823.276326264136,745.860603242673,685.911160557263,655.394363219491,660.123669897859,674.688612949036,694.455953550283,754.804946358705,811.627197807774,888.000590685489,958.760101572961,1040.36134815536,1090.03116735264,1154.97772638277,1210.80510839496,1240.2780515488,1327.50907760379,1380.53634275472,1458.37221315319,1535.6045855871,1562.20813204893,1642.94129857633,1717.98662463315,1763.17506610053,1838.48564891038,1883.26967738417,1934.32590051289,1991.06132076592,2057.49465711854,2103.27321056197,2144.33226334883,2195.08273739175,2238.88723434044,2284.70403255655,2351.15435296063,2392.90496637042,2463.08015909473,2513.96207114943,2574.89275502093,2651.08098930575,2724.13141285316,2809.11138780835,2876.31904395575,2967.69808030179,3061.72002818069,3163.82172459815,3243.50139954366,3370.54777519895,3451.69321985771,3545.09447704808,3661.76615969371,3746.86939147415,3822.75470097865,3918.25847568441,3982.78927948405,4070.46573400618,4146.01100566317,4205.00315474951,4287.20185151046,4319.16877014519,4375.29151551289,4456.14539633718,4514.84485273477,4569.89684193108,4641.46998797153,4686.62039551776,4774.27855112028,4826.48858694847,4880.06658625428,4946.23164495015,4966.42325235213,4920.03294732703,4812.6104128498,4712.69012034271,4758.42885261169,4762.00500122481,4827.8967810386,4877.6757208121,4914.21430560228,4984.64509941593,5021.35438524003,4993.06216238125,5044.20312685694,5204.05023153834,5254.03642581991,5318.69171223953,5316.73465708824,5376.24939060513,5435.0828001329,5469.25787452674
0M,895.764455980347,827.879232440973,755.562167718894,691.855777332158,657.101641753852,664.124167123975,682.932590129048,702.065508337971,758.930812155793,823.905591574841,892.693359333815,968.021120617161,1048.78533632691,1101.68588006284,1172.14201534703,1214.58471118698,1250.91151678284,1335.46455279783,1383.88620158502,1470.15678637159,1516.07998294386,1561.08028906195,1649.31025270395,1711.48072636817,1751.59340619565,1842.50321044522,1880.03466538269,1926.13431725369,1980.55026920042,2022.27939492729,2063.0434533338,2110.62559067563,2152.73064699289,2218.04196717099,2274.72401629082,2317.79734932991,2386.64912608873,2440.99288957727,2495.247013526,2568.84108994704,2623.61995795733,2680.11848899566,2758.74042526557,2838.30919292459,2928.73128402918,3027.92204206587,3139.46414589906,3240.31377688949,3329.04535815136,3410.44128503793,3512.63272286697,3562.56710595451,3616.57279076886,3670.4245499739,3706.92126138504,3745.12632394032,3744.81984971726,3759.16512135551,3818.04664538547,3876.19880719427,3934.97368163579,3987.29851803004,4036.7696673623,4093.65209599397,4150.55441414178,4218.37163392271,4099.80782499037,4088.32837357472,4112.22084205498,4168.98793748102,4203.63446282705,4257.57546814855,4316.12635590913,4372.72342614201,4401.30683450694,4479.2159085395,4534.30576778927,4581.97013690973,4627.96290411943,4657.47440309754,4734.32306738358,4787.22591082908,4810.57651502094,4882.29888513884,4969.51964793722,5028.81864186627,5078.5447452922,5096.2661584595,5053.47090936498,5099.80767991767,5142.19813006223
